Description,Item Category,Date of Retrieval,Department Name,College Name
Wood Office Desk,furniture-tables,2022/8/8,Computer Science,Engineering
Wood Office Desk,furniture-tables,2022/8/8,Computer Science,Engineering
Wood Desk,furniture-tables,2022/8/8,Computer Science,Engineering
Side Rolling Chair,furniture-seating,2023/1/6,School of Public Health Admin,School of Public Health
Side Rolling Chair,furniture-seating,2023/1/6,School of Public Health Admin,School of Public Health
Side Rolling Chair,furniture-seating,2023/1/6,School of Public Health Admin,School of Public Health
Side Rolling Chair,furniture-seating,2023/1/6,School of Public Health Admin,School of Public Health
Table On Wheels,furniture-tables,2023/1/6,School of Public Health Admin,School of Public Health
Office Rolling Chair,furniture-seating,2023/1/6,School of Public Health Admin,School of Public Health
Oval Table,furniture-tables,2023/2/2,Chemistry,Liberal Arts & Sciences
Wooden Bookcase,furniture-storage,2023/2/2,Chemistry,Liberal Arts & Sciences
AOC LCD MONITOR,electronics-av,2023/2/2,Chemistry,Liberal Arts & Sciences
AOC LCD MONITOR,electronics-av,2023/2/2,Chemistry,Liberal Arts & Sciences
Stacking Side Chair,furniture-seating,2023/2/2,Chemistry,Liberal Arts & Sciences
Stacking Side Chair,furniture-seating,2023/2/2,Chemistry,Liberal Arts & Sciences
Stacking Side Chair,furniture-seating,2023/2/2,Chemistry,Liberal Arts & Sciences
Stacking Side Chair,furniture-seating,2023/2/2,Chemistry,Liberal Arts & Sciences
Stacking Side Chair,furniture-seating,2023/2/2,Chemistry,Liberal Arts & Sciences
Stacking Side Chair,furniture-seating,2023/2/2,Chemistry,Liberal Arts & Sciences
Stacking Side Chair,furniture-seating,2023/2/2,Chemistry,Liberal Arts & Sciences
Stacking Side Chair,furniture-seating,2023/2/2,Chemistry,Liberal Arts & Sciences
Stacking Side Chair,furniture-seating,2023/2/2,Chemistry,Liberal Arts & Sciences
Stacking Side Chair,furniture-seating,2023/2/2,Chemistry,Liberal Arts & Sciences
Wood Top Coffee Table,furniture-tables,2023/2/2,Chemistry,Liberal Arts & Sciences
Round Table,furniture-tables,2023/2/2,Urology,Coll Medicine at Chicago - CS
4 drawer lateral file cabinet,furniture-storage,2023/2/2,Urology,Coll Medicine at Chicago - CS
Wood Bookcase,furniture-storage,2023/2/2,Urology,Coll Medicine at Chicago - CS
Office Rolling Chair,furniture-seating,2023/2/2,Urology,Coll Medicine at Chicago - CS
Stacking Side Chair,furniture-seating,2023/2/2,Urology,Coll Medicine at Chicago - CS
Stacking Side Chair,furniture-seating,2023/2/2,Urology,Coll Medicine at Chicago - CS
Stacking Side Chair,furniture-seating,2023/2/2,Urology,Coll Medicine at Chicago - CS
Stacking Side Chair,furniture-seating,2023/2/2,Urology,Coll Medicine at Chicago - CS
Stacking Side Chair,furniture-seating,2023/2/2,Urology,Coll Medicine at Chicago - CS
Stacking Side Chair,furniture-seating,2023/2/2,Urology,Coll Medicine at Chicago - CS
5 drawer lateral file cabinet,furniture-storage,2023/2/2,Urology,Coll Medicine at Chicago - CS
5 drawer lateral file cabinet,furniture-storage,2023/2/2,Urology,Coll Medicine at Chicago - CS
2 Drawer Lateral File Cabinet,furniture-storage,2023/2/2,Urology,Coll Medicine at Chicago - CS
Office Desk,furniture-tables,2023/2/2,Urology,Coll Medicine at Chicago - CS
Side Sofa Chair,furniture-seating,2023/2/2,School of Public Health Admin,School of Public Health
Sofa Chair,furniture-seating,2023/2/2,School of Public Health Admin,School of Public Health
Sofa Chair,furniture-seating,2023/2/2,School of Public Health Admin,School of Public Health
Sofa Chair,furniture-seating,2023/2/2,School of Public Health Admin,School of Public Health
Sofa Chair,furniture-seating,2023/2/2,School of Public Health Admin,School of Public Health
Sofa Chair,furniture-seating,2023/2/2,School of Public Health Admin,School of Public Health
Sofa Chair,furniture-seating,2023/2/2,School of Public Health Admin,School of Public Health
High Round Table,furniture-tables,2023/2/2,School of Public Health Admin,School of Public Health
WOOD CONFERENCE TABLE,furniture-tables,2023/4/20,Pharmacol & Regenerative Med,Coll Medicine at Chicago - BS
Stacking Side Chair,furniture-seating,2023/4/20,Pharmacol & Regenerative Med,Coll Medicine at Chicago - BS
Stacking Side Chair,furniture-seating,2023/4/20,Pharmacol & Regenerative Med,Coll Medicine at Chicago - BS
Stacking Side Chair,furniture-seating,2023/4/20,Pharmacol & Regenerative Med,Coll Medicine at Chicago - BS
Stacking Side Chair,furniture-seating,2023/4/20,Pharmacol & Regenerative Med,Coll Medicine at Chicago - BS
Stacking Side Chair,furniture-seating,2023/4/20,Pharmacol & Regenerative Med,Coll Medicine at Chicago - BS
Stacking Side Chair,furniture-seating,2023/4/20,Pharmacol & Regenerative Med,Coll Medicine at Chicago - BS
Wood Office Desk,furniture-tables,2023/4/20,Pharmacol & Regenerative Med,Coll Medicine at Chicago - BS
High Round Table,furniture-tables,2023/4/20,Inst for Res on Race & Pub Pol,Inst for Res on Race & Pub Pol
5 Drawer Lateral File Cabinet,furniture-storage,2023/4/20,Kinesiology and Nutrition,Applied Health Sciences
5 Drawer Lateral File Cabinet,furniture-storage,2023/5/12,Facilities Management Admin,Vice Chanc Administrative Svcs
Computer Table,furniture-tables,2023/5/18,Support and General Services,"Healthcare Systems, UIC - MC"
Wood Bookcase,furniture-storage,2023/5/18,Human Development Nursing Sci,Nursing
Drawer Bookcase,furniture-storage,2023/5/18,Human Development Nursing Sci,Nursing
2 Drawer Wood File Cabinet,furniture-storage,2023/5/18,Human Development Nursing Sci,Nursing
Side Chair,furniture-seating,2023/5/18,Human Development Nursing Sci,Nursing
Side Chair,furniture-seating,2023/5/18,Human Development Nursing Sci,Nursing
Side Chair,furniture-seating,2023/5/18,Human Development Nursing Sci,Nursing
Side Chair,furniture-seating,2023/5/18,Human Development Nursing Sci,Nursing
Side Chair,furniture-seating,2023/5/18,Human Development Nursing Sci,Nursing
Storage File Cabinet,furniture-storage,2023/5/18,Human Development Nursing Sci,Nursing
Brown Table,furniture-tables,2023/6/29,Ambulatory Clinical Services,"Healthcare Systems, UIC - MC"
Computer Table,furniture-tables,2023/6/29,Ambulatory Clinical Services,"Healthcare Systems, UIC - MC"
Computer Table,furniture-tables,2023/6/29,Ambulatory Clinical Services,"Healthcare Systems, UIC - MC"
Side Chair,furniture-seating,2023/6/29,Earth & Environmental Sciences,Liberal Arts & Sciences
Side Chair,furniture-seating,2023/6/29,Earth & Environmental Sciences,Liberal Arts & Sciences
Side Chair,furniture-seating,2023/6/29,Earth & Environmental Sciences,Liberal Arts & Sciences
Side Chair,furniture-seating,2023/6/29,Earth & Environmental Sciences,Liberal Arts & Sciences
Side Chair,furniture-seating,2023/6/29,Earth & Environmental Sciences,Liberal Arts & Sciences
Office Rolling Chair,furniture-seating,2023/6/29,Earth & Environmental Sciences,Liberal Arts & Sciences
Computer Table,furniture-tables,2023/6/29,Earth & Environmental Sciences,Liberal Arts & Sciences
Wooden Bookcase,furniture-storage,2023/6/29,Medicine,Coll Medicine at Chicago - CS
Round Wooden Table,furniture-tables,2023/6/29,Medicine,Coll Medicine at Chicago - CS
Wooden Bookcase,furniture-storage,2023/6/29,Medicine,Coll Medicine at Chicago - CS
Wooden Bookcase,furniture-storage,2023/6/29,Medicine,Coll Medicine at Chicago - CS
Office Rolling Chair,furniture-seating,2023/6/29,Medicine,Coll Medicine at Chicago - CS
Table Square,furniture-tables,2023/6/29,Medicine,Coll Medicine at Chicago - CS
Table Square,furniture-tables,2023/6/29,Medicine,Coll Medicine at Chicago - CS
Table Square,furniture-tables,2023/6/29,Medicine,Coll Medicine at Chicago - CS
Table Square,furniture-tables,2023/6/29,Medicine,Coll Medicine at Chicago - CS
Table Square,furniture-tables,2023/6/29,Medicine,Coll Medicine at Chicago - CS
Table Square,furniture-tables,2023/6/29,Medicine,Coll Medicine at Chicago - CS
Office Chair,furniture-seating,2023/6/29,Medicine,Coll Medicine at Chicago - CS
Storage Cabinet,furniture-storage,2024/12/3,Inst for Res on Race & Pub Pol,Inst for Res on Race & Pub Pol
Metal Storage Cabinet,furniture-storage,2023/11/1,Native American Support Progrm,Native American Support Progrm
2 Drawer Lateral Filing Cabinet,furniture-storage,2023/6/29,Physical Therapy,Applied Health Sciences
4 Drawer File Cabinet,furniture-storage,2023/6/29,Physical Therapy,Applied Health Sciences
Wood Office Desk,furniture-tables,2023/9/18,Computer Science,Engineering
Office Chair,furniture-seating,2023/9/18,Computer Science,Engineering
Office Chair,furniture-seating,2023/9/18,Computer Science,Engineering
Office Chair,furniture-seating,2023/9/18,Computer Science,Engineering
Office Chair,furniture-seating,2023/9/18,Computer Science,Engineering
Office Chair,furniture-seating,2023/9/18,Computer Science,Engineering
Wood Office Desk,furniture-tables,2023/9/18,Computer Science,Engineering
Round Table,furniture-tables,2023/10/6,Strategic Mktg & Comm,Strategic Mktg & Comm
Wood Office Desk,furniture-tables,2023/10/6,Strategic Mktg & Comm,Strategic Mktg & Comm
Wood Office Credenza,furniture-storage,2023/10/6,Strategic Mktg & Comm,Strategic Mktg & Comm
Side Chair,furniture-seating,2023/10/6,Strategic Mktg & Comm,Strategic Mktg & Comm
Side Chair,furniture-seating,2023/10/6,Strategic Mktg & Comm,Strategic Mktg & Comm
Side Chair,furniture-seating,2023/10/6,Strategic Mktg & Comm,Strategic Mktg & Comm
Wood Bookcase,furniture-storage,2023/10/6,Strategic Mktg & Comm,Strategic Mktg & Comm
Wooden Bookcase,furniture-storage,2023/10/6,Theatre & Music Administration,"Architecture,Design,& the Arts"
Computer Table,furniture-tables,2023/10/6,Theatre & Music Administration,"Architecture,Design,& the Arts"
Computer Table,furniture-tables,2023/10/6,Theatre & Music Administration,"Architecture,Design,& the Arts"
Computer Table,furniture-tables,2023/10/6,Theatre & Music Administration,"Architecture,Design,& the Arts"
Table On Wheels,furniture-tables,2023/10/6,Theatre & Music Administration,"Architecture,Design,& the Arts"
Computer Table,furniture-tables,2023/10/6,Theatre & Music Administration,"Architecture,Design,& the Arts"
White Computer Table,furniture-tables,2023/10/6,Theatre & Music Administration,"Architecture,Design,& the Arts"
4 Drawer Lateral File Cabinet,furniture-storage,2023/10/6,Theatre & Music Administration,"Architecture,Design,& the Arts"
5 Drawer Lateral File Cabinet,furniture-storage,2023/10/6,Theatre & Music Administration,"Architecture,Design,& the Arts"
4 Drawer File Cabinet,furniture-storage,2023/10/6,Theatre & Music Administration,"Architecture,Design,& the Arts"
Wood Storage Cabinet,furniture-storage,2023/10/6,Theatre & Music Administration,"Architecture,Design,& the Arts"
Wood Storage Cabinet,furniture-storage,2023/10/6,Theatre & Music Administration,"Architecture,Design,& the Arts"
Long Computer Table,furniture-tables,2023/10/6,Theatre & Music Administration,"Architecture,Design,& the Arts"
2 Drawer Filing Cabinet,furniture-storage,2023/10/6,Theatre & Music Administration,"Architecture,Design,& the Arts"
2 Drawer Filing Cabinet,furniture-storage,2023/10/6,Theatre & Music Administration,"Architecture,Design,& the Arts"
Wood Bookcase,furniture-storage,2023/10/6,Theatre & Music Administration,"Architecture,Design,& the Arts"
Office Desk,furniture-tables,2023/10/6,Theatre & Music Administration,"Architecture,Design,& the Arts"
Wood Office Desk,furniture-tables,2023/10/6,Theatre & Music Administration,"Architecture,Design,& the Arts"
5 Drawer Lateral File Cabinet,furniture-storage,2023/10/6,Medicine,Coll Medicine at Chicago - CS
Side Chair,furniture-seating,2023/10/6,Medicine,Coll Medicine at Chicago - CS
Side Chair,furniture-seating,2023/10/6,Medicine,Coll Medicine at Chicago - CS
Side Chair,furniture-seating,2023/10/6,Medicine,Coll Medicine at Chicago - CS
Side Chair,furniture-seating,2023/10/6,Medicine,Coll Medicine at Chicago - CS
Side Chair,furniture-seating,2023/10/6,Medicine,Coll Medicine at Chicago - CS
Side Chair,furniture-seating,2023/10/6,Medicine,Coll Medicine at Chicago - CS
Table Square,furniture-tables,2023/10/6,Medicine,Coll Medicine at Chicago - CS
Round Table,furniture-tables,2023/10/6,Medicine,Coll Medicine at Chicago - CS
5 Drawer Filing Cabinet,furniture-storage,2023/10/6,Medicine,Coll Medicine at Chicago - CS
Dell Computer Desktop,furniture-tables,2023/10/6,Electrical & Computer Engr,Engineering
Dell Computer Desktop,furniture-tables,2023/10/6,Electrical & Computer Engr,Engineering
Dell Computer Desktop,furniture-tables,2023/10/6,Electrical & Computer Engr,Engineering
Dell Computer Desktop,furniture-tables,2023/10/6,Electrical & Computer Engr,Engineering
Small Computer Desk,furniture-tables,2023/10/26,Technology Solutions,Technology Solutions
Computer Desk,furniture-tables,2023/10/26,Technology Solutions,Technology Solutions
Office Desk,furniture-tables,2023/10/26,Technology Solutions,Technology Solutions
3 Drawer Lateral Filing Cabinet,furniture-storage,2023/10/26,Technology Solutions,Technology Solutions
Office Chair,furniture-seating,2023/10/26,English,Liberal Arts & Sciences
Office Chair,furniture-seating,2023/10/26,English,Liberal Arts & Sciences
Round Table,furniture-tables,2023/11/1,Computer Science,Engineering
Side Chair,furniture-seating,2023/11/1,Computer Science,Engineering
Side Chair,furniture-seating,2023/11/1,Computer Science,Engineering
Side Chair,furniture-seating,2023/11/1,Computer Science,Engineering
Side Chair,furniture-seating,2023/11/1,Computer Science,Engineering
Computer Table,furniture-tables,2023/6/29,Office for Access and Equity,Office for Access and Equity
5 Drawer Lateral File Cabinet,furniture-storage,2023/11/28,Population Hlth Sciences Prog,VC for Health Affairs
5 Drawer Lateral File Cabinet,furniture-storage,2023/11/28,Population Hlth Sciences Prog,VC for Health Affairs
5 Drawer Lateral File Cabinet,furniture-storage,2023/11/28,Population Hlth Sciences Prog,VC for Health Affairs
Side Chair,furniture-seating,2023/11/28,VC for Administrative Services,Vice Chanc Administrative Svcs
Side Chair,furniture-seating,2023/11/28,VC for Administrative Services,Vice Chanc Administrative Svcs
Wood Round Table,furniture-tables,2023/11/28,Disability & Human Development,Applied Health Sciences
4 Drawer Lateral File Cabinet,furniture-storage,2023/11/28,Disability & Human Development,Applied Health Sciences
Wooden Bookcase,furniture-storage,2023/12/5,Black Studies,Liberal Arts & Sciences
Stacking Side Chair,furniture-seating,2023/12/5,Ambulatory Off-Site Services,"Healthcare Systems, UIC - MC"
Stacking Side Chair,furniture-seating,2023/12/5,Ambulatory Off-Site Services,"Healthcare Systems, UIC - MC"
Stacking Side Chair,furniture-seating,2023/12/5,Ambulatory Off-Site Services,"Healthcare Systems, UIC - MC"
Stacking Side Chair,furniture-seating,2023/12/5,Ambulatory Off-Site Services,"Healthcare Systems, UIC - MC"
Stacking Side Chair,furniture-seating,2023/12/5,Ambulatory Off-Site Services,"Healthcare Systems, UIC - MC"
Stacking Side Chair,furniture-seating,2023/12/5,Ambulatory Off-Site Services,"Healthcare Systems, UIC - MC"
OFFICE CHAIR,furniture-seating,2023/12/5,Ambulatory Off-Site Services,"Healthcare Systems, UIC - MC"
OFFICE CHAIR,furniture-seating,2023/12/5,Ambulatory Off-Site Services,"Healthcare Systems, UIC - MC"
3 Drawer Lateral Filing Cabinet,furniture-storage,2024/1/9,Psychology,Liberal Arts & Sciences
5 Drawer Lateral Filing Cabinet,furniture-storage,2024/1/9,Psychology,Liberal Arts & Sciences
Stacking Side Chair,furniture-seating,2024/1/24,Biological Sciences,Liberal Arts & Sciences
Stacking Side Chair,furniture-seating,2024/1/24,Biological Sciences,Liberal Arts & Sciences
Stacking Side Chair,furniture-seating,2024/1/24,Biological Sciences,Liberal Arts & Sciences
Stacking Side Chair,furniture-seating,2024/1/24,Biological Sciences,Liberal Arts & Sciences
Stacking Side Chair,furniture-seating,2024/1/24,Biological Sciences,Liberal Arts & Sciences
Stacking Side Chair,furniture-seating,2024/1/24,Biological Sciences,Liberal Arts & Sciences
Stacking Side Chair,furniture-seating,2024/1/24,Biological Sciences,Liberal Arts & Sciences
Stacking Side Chair,furniture-seating,2024/1/24,Biological Sciences,Liberal Arts & Sciences
Stacking Side Chair,furniture-seating,2024/1/24,Biological Sciences,Liberal Arts & Sciences
Stacking Side Chair,furniture-seating,2024/1/24,Biological Sciences,Liberal Arts & Sciences
Stacking Side Chair,furniture-seating,2024/1/24,Biological Sciences,Liberal Arts & Sciences
Stacking Side Chair,furniture-seating,2024/1/24,Biological Sciences,Liberal Arts & Sciences
Stacking Side Chair,furniture-seating,2024/1/24,Biological Sciences,Liberal Arts & Sciences
Stacking Side Chair,furniture-seating,2024/1/24,Biological Sciences,Liberal Arts & Sciences
Stacking Side Chair,furniture-seating,2024/1/24,Biological Sciences,Liberal Arts & Sciences
Stacking Side Chair,furniture-seating,2024/1/24,Biological Sciences,Liberal Arts & Sciences
Stacking Side Chair,furniture-seating,2024/1/24,Biological Sciences,Liberal Arts & Sciences
Stacking Side Chair,furniture-seating,2024/1/24,Biological Sciences,Liberal Arts & Sciences
Stacking Side Chair,furniture-seating,2024/1/24,Biological Sciences,Liberal Arts & Sciences
Stacking Side Chair,furniture-seating,2024/1/24,Biological Sciences,Liberal Arts & Sciences
Wood Office Desk,furniture-tables,2024/1/24,Biological Sciences,Liberal Arts & Sciences
OFFICE CHAIR,furniture-seating,2024/1/24,Biological Sciences,Liberal Arts & Sciences
Computer Table,furniture-tables,2024/1/24,Biological Sciences,Liberal Arts & Sciences
2 Drawer Filing Cabinet,furniture-storage,2024/4/9,Anatomy and Cell Biology,Coll Medicine at Chicago - BS
Tan Closet Cabinet,furniture-storage,2024/4/9,Ophthalmology & Visual Sci,Coll Medicine at Chicago - CS
5 Drawer Lateral File Cabinet,furniture-storage,2024/4/9,Ophthalmology & Visual Sci,Coll Medicine at Chicago - CS
Computer Table,furniture-tables,2024/4/9,Ophthalmology & Visual Sci,Coll Medicine at Chicago - CS
Metal Bookcase,furniture-storage,2024/4/9,Family and Community Medicine,Coll Medicine at Chicago - CS
Office Rolling Chair,furniture-seating,2024/4/9,School of Public Health Admin,School of Public Health
Office Rolling Chair,furniture-seating,2024/4/9,School of Public Health Admin,School of Public Health
Office Rolling Chair,furniture-seating,2024/4/9,School of Public Health Admin,School of Public Health
Office Rolling Chair,furniture-seating,2024/4/9,School of Public Health Admin,School of Public Health
Office Rolling Chair,furniture-seating,2024/4/9,School of Public Health Admin,School of Public Health
Office Rolling Chair,furniture-seating,2024/4/9,School of Public Health Admin,School of Public Health
Office Rolling Chair,furniture-seating,2024/4/9,School of Public Health Admin,School of Public Health
Office Rolling Chair,furniture-seating,2024/4/9,School of Public Health Admin,School of Public Health
3 Drawer Small Filing Cabinet,furniture-storage,2024/4/15,Theatre & Music Administration,"Architecture,Design,& the Arts"
3 Drawer Small Filing Cabinet,furniture-storage,2024/4/15,Theatre & Music Administration,"Architecture,Design,& the Arts"
Long Table Black,furniture-tables,2024/4/15,Theatre & Music Administration,"Architecture,Design,& the Arts"
Long Table Black,furniture-tables,2024/4/15,Theatre & Music Administration,"Architecture,Design,& the Arts"
Small Table Black,furniture-tables,2024/4/15,Theatre & Music Administration,"Architecture,Design,& the Arts"
Small Table Black,furniture-tables,2024/4/15,Theatre & Music Administration,"Architecture,Design,& the Arts"
Small Table Black,furniture-tables,2024/4/15,Theatre & Music Administration,"Architecture,Design,& the Arts"
Stacking Side Chair,furniture-seating,2024/6/4,LAS Administration,Liberal Arts & Sciences
Stacking Side Chair,furniture-seating,2024/6/4,LAS Administration,Liberal Arts & Sciences
Stacking Side Chair,furniture-seating,2024/6/4,LAS Administration,Liberal Arts & Sciences
Stacking Side Chair,furniture-seating,2024/6/4,LAS Administration,Liberal Arts & Sciences
Stacking Side Chair,furniture-seating,2024/6/4,LAS Administration,Liberal Arts & Sciences
Stacking Side Chair,furniture-seating,2024/6/4,LAS Administration,Liberal Arts & Sciences
Stacking Side Chair,furniture-seating,2024/6/4,LAS Administration,Liberal Arts & Sciences
Stacking Side Chair,furniture-seating,2024/6/4,LAS Administration,Liberal Arts & Sciences
Stacking Side Chair,furniture-seating,2024/6/4,LAS Administration,Liberal Arts & Sciences
Stacking Side Chair,furniture-seating,2024/6/4,LAS Administration,Liberal Arts & Sciences
Stacking Side Chair,furniture-seating,2024/6/4,LAS Administration,Liberal Arts & Sciences
Stacking Side Chair,furniture-seating,2024/6/4,LAS Administration,Liberal Arts & Sciences
Stacking Side Chair,furniture-seating,2024/6/4,LAS Administration,Liberal Arts & Sciences
Stacking Side Chair,furniture-seating,2024/6/4,LAS Administration,Liberal Arts & Sciences
Stacking Side Chair,furniture-seating,2024/6/4,LAS Administration,Liberal Arts & Sciences
Stacking Side Chair,furniture-seating,2024/6/4,LAS Administration,Liberal Arts & Sciences
Stacking Side Chair,furniture-seating,2024/6/4,LAS Administration,Liberal Arts & Sciences
Stacking Side Chair,furniture-seating,2024/6/4,LAS Administration,Liberal Arts & Sciences
Stacking Side Chair,furniture-seating,2024/6/4,LAS Administration,Liberal Arts & Sciences
Stacking Side Chair,furniture-seating,2024/6/4,LAS Administration,Liberal Arts & Sciences
Stacking Side Chair,furniture-seating,2024/6/4,LAS Administration,Liberal Arts & Sciences
Stacking Side Chair,furniture-seating,2024/6/4,LAS Administration,Liberal Arts & Sciences
Stacking Side Chair,furniture-seating,2024/6/4,LAS Administration,Liberal Arts & Sciences
Stacking Side Chair,furniture-seating,2024/6/4,LAS Administration,Liberal Arts & Sciences
Stacking Side Chair,furniture-seating,2024/6/4,LAS Administration,Liberal Arts & Sciences
Stacking Side Chair,furniture-seating,2024/6/4,LAS Administration,Liberal Arts & Sciences
Stacking Side Chair,furniture-seating,2024/6/4,LAS Administration,Liberal Arts & Sciences
Stacking Side Chair,furniture-seating,2024/6/4,LAS Administration,Liberal Arts & Sciences
Stacking Side Chair,furniture-seating,2024/6/4,LAS Administration,Liberal Arts & Sciences
Stacking Side Chair,furniture-seating,2024/6/4,LAS Administration,Liberal Arts & Sciences
Stacking Side Chair,furniture-seating,2024/6/4,LAS Administration,Liberal Arts & Sciences
Stacking Side Chair,furniture-seating,2024/6/4,LAS Administration,Liberal Arts & Sciences
Stacking Side Chair,furniture-seating,2024/6/4,LAS Administration,Liberal Arts & Sciences
Stacking Side Chair,furniture-seating,2024/6/4,LAS Administration,Liberal Arts & Sciences
Stacking Side Chair,furniture-seating,2024/6/4,LAS Administration,Liberal Arts & Sciences
Stacking Side Chair,furniture-seating,2024/6/4,LAS Administration,Liberal Arts & Sciences
Stacking Side Chair,furniture-seating,2024/6/4,LAS Administration,Liberal Arts & Sciences
Stacking Side Chair,furniture-seating,2024/6/4,LAS Administration,Liberal Arts & Sciences
Stacking Side Chair,furniture-seating,2024/6/4,LAS Administration,Liberal Arts & Sciences
Stacking Side Chair,furniture-seating,2024/6/4,LAS Administration,Liberal Arts & Sciences
Stacking Side Chair,furniture-seating,2024/6/4,LAS Administration,Liberal Arts & Sciences
Stacking Side Chair,furniture-seating,2024/6/4,LAS Administration,Liberal Arts & Sciences
Stacking Side Chair,furniture-seating,2024/6/4,LAS Administration,Liberal Arts & Sciences
Stacking Side Chair,furniture-seating,2024/6/4,LAS Administration,Liberal Arts & Sciences
Stacking Side Chair,furniture-seating,2024/6/4,LAS Administration,Liberal Arts & Sciences
Stacking Side Chair,furniture-seating,2024/6/4,LAS Administration,Liberal Arts & Sciences
4 Drawer Lateral File Cabinet,furniture-storage,2024/6/6,Recreation and Wellbeing,Vice Chanc for Student Affairs
White Pedestal Desk,furniture-tables,2024/6/6,Recreation and Wellbeing,Vice Chanc for Student Affairs
White Pedestal Desk,furniture-tables,2024/6/6,Recreation and Wellbeing,Vice Chanc for Student Affairs
White Pedestal Desk,furniture-tables,2024/6/6,Recreation and Wellbeing,Vice Chanc for Student Affairs
Round Table,furniture-tables,2024/6/6,Physics,Liberal Arts & Sciences
Stacking Side Chair,furniture-seating,2024/6/6,Physics,Liberal Arts & Sciences
Stacking Side Chair,furniture-seating,2024/6/6,Physics,Liberal Arts & Sciences
Stacking Side Chair,furniture-seating,2024/6/6,Physics,Liberal Arts & Sciences
Stacking Side Chair,furniture-seating,2024/6/6,Physics,Liberal Arts & Sciences
Wood Top Coffee Table,furniture-tables,2024/6/6,Physics,Liberal Arts & Sciences
Computer Table,furniture-tables,2024/6/6,Medicine,Coll Medicine at Chicago - CS
5 Drawer Lateral File Cabinet,furniture-storage,2024/6/6,Medicine,Coll Medicine at Chicago - CS
5 Drawer Lateral File Cabinet,furniture-storage,2024/6/6,Medicine,Coll Medicine at Chicago - CS
4 Drawer File Cabinet,furniture-storage,2023/6/29,Office for Access and Equity,Office for Access and Equity
Office Chair,furniture-seating,2025/4/9,Office for Access and Equity,Office for Access and Equity
Office Chair,furniture-seating,2025/4/9,Office for Access and Equity,Office for Access and Equity
Black Office Chair on wheels,furniture-seating,2025/4/9,Office for Access and Equity,Office for Access and Equity
Side Chair,furniture-seating,2024/9/26,Disability & Human Development,Applied Health Sciences
Side Chair,furniture-seating,2024/9/26,Disability & Human Development,Applied Health Sciences
Side Chair,furniture-seating,2024/9/26,Disability & Human Development,Applied Health Sciences
Side Chair,furniture-seating,2024/9/26,Disability & Human Development,Applied Health Sciences
Side Chair,furniture-seating,2024/9/26,Disability & Human Development,Applied Health Sciences
Side Chair,furniture-seating,2024/9/26,Disability & Human Development,Applied Health Sciences
Side Office Chair,furniture-seating,2024/10/9,Recreation and Wellbeing,Vice Chanc for Student Affairs
Side Office Chair,furniture-seating,2024/10/9,Recreation and Wellbeing,Vice Chanc for Student Affairs
Side Office Chair,furniture-seating,2024/10/9,Recreation and Wellbeing,Vice Chanc for Student Affairs
Side Office Chair,furniture-seating,2024/10/9,Recreation and Wellbeing,Vice Chanc for Student Affairs
Side Office Chair,furniture-seating,2024/10/9,Recreation and Wellbeing,Vice Chanc for Student Affairs
Side Office Chair,furniture-seating,2024/10/9,Recreation and Wellbeing,Vice Chanc for Student Affairs
Side Office Chair,furniture-seating,2024/10/9,Recreation and Wellbeing,Vice Chanc for Student Affairs
Side Office Chair,furniture-seating,2024/10/9,Recreation and Wellbeing,Vice Chanc for Student Affairs
Side Office Chair,furniture-seating,2024/10/9,Recreation and Wellbeing,Vice Chanc for Student Affairs
Side Office Chair,furniture-seating,2024/10/9,Recreation and Wellbeing,Vice Chanc for Student Affairs
Side Office Chair,furniture-seating,2024/10/9,Recreation and Wellbeing,Vice Chanc for Student Affairs
Side Office Chair,furniture-seating,2024/10/9,Recreation and Wellbeing,Vice Chanc for Student Affairs
Side Office Chair,furniture-seating,2024/10/9,Recreation and Wellbeing,Vice Chanc for Student Affairs
Side Office Chair,furniture-seating,2024/10/9,Recreation and Wellbeing,Vice Chanc for Student Affairs
Side Office Chair,furniture-seating,2024/10/9,Recreation and Wellbeing,Vice Chanc for Student Affairs
Side Office Chair,furniture-seating,2024/10/9,Recreation and Wellbeing,Vice Chanc for Student Affairs
Side Office Chair,furniture-seating,2024/10/9,Recreation and Wellbeing,Vice Chanc for Student Affairs
Side Office Chair,furniture-seating,2024/10/9,Recreation and Wellbeing,Vice Chanc for Student Affairs
Side Office Chair,furniture-seating,2024/10/9,Recreation and Wellbeing,Vice Chanc for Student Affairs
Side Office Chair,furniture-seating,2024/10/9,Recreation and Wellbeing,Vice Chanc for Student Affairs
Side Office Chair,furniture-seating,2024/10/9,Recreation and Wellbeing,Vice Chanc for Student Affairs
Side Office Chair,furniture-seating,2024/10/9,Recreation and Wellbeing,Vice Chanc for Student Affairs
Side Office Chair,furniture-seating,2024/10/9,Recreation and Wellbeing,Vice Chanc for Student Affairs
Wooden Office Desk,furniture-tables,2024/10/9,Recreation and Wellbeing,Vice Chanc for Student Affairs
Side Stacking Chair,furniture-seating,2024/10/9,Recreation and Wellbeing,Vice Chanc for Student Affairs
Side Stacking Chair,furniture-seating,2024/10/9,Recreation and Wellbeing,Vice Chanc for Student Affairs
Side Stacking Chair,furniture-seating,2024/10/9,Recreation and Wellbeing,Vice Chanc for Student Affairs
Side Stacking Chair,furniture-seating,2024/10/9,Recreation and Wellbeing,Vice Chanc for Student Affairs
Side Stacking Chair,furniture-seating,2024/10/9,Recreation and Wellbeing,Vice Chanc for Student Affairs
Side Stacking Chair,furniture-seating,2024/10/9,Recreation and Wellbeing,Vice Chanc for Student Affairs
Side Stacking Chair,furniture-seating,2024/10/9,Recreation and Wellbeing,Vice Chanc for Student Affairs
Side Stacking Chair,furniture-seating,2024/10/9,Recreation and Wellbeing,Vice Chanc for Student Affairs
Side Stacking Chair,furniture-seating,2024/10/9,Recreation and Wellbeing,Vice Chanc for Student Affairs
Side Stacking Chair,furniture-seating,2024/10/9,Recreation and Wellbeing,Vice Chanc for Student Affairs
Side Stacking Chair,furniture-seating,2024/10/9,Recreation and Wellbeing,Vice Chanc for Student Affairs
Side Stacking Chair,furniture-seating,2024/10/9,Recreation and Wellbeing,Vice Chanc for Student Affairs
Side Stacking Chair,furniture-seating,2024/10/9,Recreation and Wellbeing,Vice Chanc for Student Affairs
Side Stacking Chair,furniture-seating,2024/10/9,Recreation and Wellbeing,Vice Chanc for Student Affairs
3 Drawer Lateral File Cabinet,furniture-storage,2024/10/9,Nursing,"Healthcare Systems, UIC - MC"
Round Wooden Table,furniture-tables,2024/11/6,Sociology,Liberal Arts & Sciences
3 Drawer Lateral File Cabinet,furniture-storage,2024/11/6,Sociology,Liberal Arts & Sciences
Wooden Office Desk,furniture-tables,2024/11/6,Sociology,Liberal Arts & Sciences
Office Rolling Chair,furniture-seating,2025/4/9,Office for Access and Equity,Office for Access and Equity
Side Office Chair,furniture-seating,2024/12/3,Computer Science,Engineering
Side Office Chair,furniture-seating,2024/12/3,Computer Science,Engineering
Side Office Chair,furniture-seating,2024/12/3,Computer Science,Engineering
Side Office Chair,furniture-seating,2024/12/3,Computer Science,Engineering
Wood Bookcase,furniture-storage,2025/1/28,Facilities Management Admin,Vice Chanc Administrative Svcs
6 Drawer Lateral Filing Cabinet,furniture-storage,2025/1/28,Facilities Management Admin,Vice Chanc Administrative Svcs
Wooden Bookcase,furniture-storage,2025/1/28,Neurology and Rehab Medicine,Coll Medicine at Chicago - CS
2 Drawer File Cabinet,furniture-storage,2025/1/28,Neurology and Rehab Medicine,Coll Medicine at Chicago - CS
Wooden Office Desk,furniture-tables,2025/1/28,Neurology and Rehab Medicine,Coll Medicine at Chicago - CS
Office Rolling Chair,furniture-seating,2025/1/28,Neurology and Rehab Medicine,Coll Medicine at Chicago - CS
Computer Desk,furniture-tables,2025/2/20,Electrical & Computer Engr,Engineering
Computer Desk,furniture-tables,2025/2/20,Electrical & Computer Engr,Engineering
Computer Desk,furniture-tables,2025/2/20,Electrical & Computer Engr,Engineering
Desk L shape Desk,furniture-tables,2025/2/26,Political Science,Liberal Arts & Sciences
Wood Top Table,furniture-tables,2025/4/9,Facilities Management Admin,Vice Chanc Administrative Svcs
Wood Center Table,furniture-tables,2025/4/9,Facilities Management Admin,Vice Chanc Administrative Svcs
Wood Center Table,furniture-tables,2025/4/9,Facilities Management Admin,Vice Chanc Administrative Svcs
Office Rolling Chair,furniture-seating,2025/4/9,Office for Access and Equity,Office for Access and Equity
Side Office Chair,furniture-seating,2024/6/6,Institute for the Humanities,Institute for the Humanities
Side Chair,furniture-seating,2024/6/6,Educational Policy Studies,Educational Policy Studies
Side Chair,furniture-seating,2024/6/6,Educational Policy Studies,Educational Policy Studies
OFFICE SIDE CHAIR,furniture-seating,2024/6/6,Educational Policy Studies,Educational Policy Studies
Metal Bookcase,furniture-storage,2025/5/6,Student Centers Administration,Campus Auxiliary Services
Wood Bookcase,furniture-storage,2025/5/6,Student Centers Administration,Campus Auxiliary Services
Filing Cabinet Wood,furniture-storage,2025/5/6,Student Centers Administration,Campus Auxiliary Services
Wood black file cabinet,furniture-storage,2025/5/6,Student Centers Administration,Campus Auxiliary Services